case_id,method_id,display_name,family,tile_size,clip_limit,runtime_ms,mean,std,entropy,spread_1_99,high_frequency_share,mean_gradient,clipped_pixel_ratio
tun,hf_tone_baseline,HF + Tone Baseline,baseline,,,3223.560000000001,103.90928522745769,51.35361568813983,7.491683185311051,229.0,0.44094642910289533,48.67982556296147,0.013427734375
page,hf_tone_baseline,HF + Tone Baseline,baseline,,,6873.407500000003,150.5962379032258,47.97602959484389,7.02705107489445,243.0,0.19365774057475843,31.998642636541252,0.054104838709677416
seat,hf_tone_baseline,HF + Tone Baseline,baseline,,,6075.252100000003,97.72176354166666,62.49877679714956,7.70305395563514,242.0,0.7976884156314963,88.42518038918698,0.054572395833333336
pillar,hf_tone_baseline,HF + Tone Baseline,baseline,,,7454.7948000000015,117.2844828125,51.6699345832941,7.203013850893055,243.0,0.697974733371218,60.53968189004535,0.05621822916666667
markers,hf_tone_baseline,HF + Tone Baseline,baseline,,,5805.800400000003,106.9372125,59.815930356356674,7.742039777129195,235.0,0.7570987131198887,89.8578329077552,0.041767708333333334
cardboard,hf_tone_baseline,HF + Tone Baseline,baseline,,,6075.294,114.48585833333334,41.32491036505622,6.934642464537078,238.0,0.4041815563846367,32.4542670310511,0.0293875
carpet,hf_tone_baseline,HF + Tone Baseline,baseline,,,6697.049300000003,117.39073385416667,45.51567499537247,7.363996480965197,237.0,0.7039078960031457,58.57265638077099,0.0217390625
writing,hf_tone_baseline,HF + Tone Baseline,baseline,,,6128.9583000000075,157.54523072916666,43.881652178685556,6.9436054451135965,175.0,0.05837343151916452,8.658959370031123,0.010772395833333333
tun,ahe_t16,AHE 16x16,ahe,16,,1064.0913000000012,134.73710759480795,69.01045240746821,7.955060332334066,250.0,0.15067263155310698,52.38039582952969,0.042933146158854164
page,ahe_t16,AHE 16x16,ahe,16,,1712.5649999999978,131.35142809139785,70.59152611647158,7.987592374517179,249.0,0.22241908934872073,71.7912891062428,0.03662970430107527
seat,ahe_t16,AHE 16x16,ahe,16,,2781.478100000001,135.692925,71.46512938100913,7.985981472543631,250.0,0.504596098348936,90.81519789798926,0.041567708333333335
pillar,ahe_t16,AHE 16x16,ahe,16,,1918.753499999994,146.94842760416665,71.17487498654627,7.944323053922747,249.0,0.5095057356901418,92.39930377458795,0.0489328125
markers,ahe_t16,AHE 16x16,ahe,16,,2117.887599999989,131.73350364583334,71.48448594804131,7.985365653200456,252.0,0.4208189275233996,82.61207114566224,0.0421578125
cardboard,ahe_t16,AHE 16x16,ahe,16,,1898.3953999999983,137.76496197916666,69.11211585279092,7.971525995047857,248.0,0.3352814195946692,72.712381607239,0.031972395833333334
carpet,ahe_t16,AHE 16x16,ahe,16,,2024.7760999999969,136.05304895833333,69.82247115733122,7.948139010042539,251.0,0.3900696641714253,79.32400217110589,0.0502375
writing,ahe_t16,AHE 16x16,ahe,16,,2568.4876000000118,162.49409322916668,58.94699450305665,7.695785016784184,242.0,0.1057665056023382,28.717675750078282,0.064425
tun,ahe_t32,AHE 32x32,ahe,32,,466.13759999999616,133.11398442586264,68.79349180054707,7.957173577309965,250.0,0.11893310795733746,45.3554478488468,0.04107793172200521
page,ahe_t32,AHE 32x32,ahe,32,,1068.6869999999972,130.68012836021506,70.91879696844317,7.9874051854746915,250.0,0.20422471796912786,66.56395728068858,0.03688104838709677
seat,ahe_t32,AHE 32x32,ahe,32,,991.9711999999947,134.34085,70.4613853352376,7.982722300829905,249.0,0.48961658422771426,86.79863651605534,0.0357453125
pillar,ahe_t32,AHE 32x32,ahe,32,,1003.897600000002,143.175878125,67.14918260244733,7.935860394853325,248.0,0.48635754828329153,84.40182298474944,0.03241197916666667
markers,ahe_t32,AHE 32x32,ahe,32,,1063.4668999999944,131.12285416666666,71.9166811866023,7.990151111723983,251.0,0.3743148176643974,77.23174358605146,0.045046875
cardboard,ahe_t32,AHE 32x32,ahe,32,,982.5591999999972,135.45714166666667,68.42710163497546,7.969876015095048,247.0,0.2548967464161192,60.8151083307829,0.0308515625
carpet,ahe_t32,AHE 32x32,ahe,32,,1237.6002999999969,134.17471979166666,67.86577143427606,7.936269201040703,250.0,0.32928404443835557,69.1443222693308,0.04497552083333333
writing,ahe_t32,AHE 32x32,ahe,32,,1362.3066000000108,149.33779947916668,49.94798438491831,7.590729700072281,241.0,0.08648772112294771,20.517445487819327,0.022460416666666667
tun,ahe_t64,AHE 64x64,ahe,64,,344.99199999999064,132.16035842895508,67.478270172274,7.945661155009153,249.0,0.09768040398947783,39.56507088535542,0.037073771158854164
page,ahe_t64,AHE 64x64,ahe,64,,795.1795000000175,130.22444623655915,68.7757768506745,7.964329933249697,249.0,0.1906387081854151,61.31803520436576,0.03251814516129032
seat,ahe_t64,AHE 64x64,ahe,64,,872.0590000000072,133.33126979166667,68.66091549473491,7.9737955513315155,247.0,0.4752838110334729,81.69505810766404,0.029035416666666668
pillar,ahe_t64,AHE 64x64,ahe,64,,801.7892999999958,138.69713125,62.486391432617346,7.891100245368596,245.0,0.42957804844616565,72.6594400082538,0.022159895833333332
markers,ahe_t64,AHE 64x64,ahe,64,,1164.9854000000062,130.72361354166668,71.56496074448013,7.989606313819269,251.0,0.34551697021972977,73.26463200004274,0.043758854166666666
cardboard,ahe_t64,AHE 64x64,ahe,64,,995.225199999993,133.2920875,67.15485974205943,7.962754917698824,247.0,0.19190383985101478,50.041307902715204,0.028550520833333332
carpet,ahe_t64,AHE 64x64,ahe,64,,851.6137999999955,132.5762234375,65.14485493392843,7.902682298723007,248.0,0.26643347027995246,57.99057611954524,0.03897864583333333
writing,ahe_t64,AHE 64x64,ahe,64,,947.1793000000162,140.5222234375,42.42003232645113,7.300646117226884,234.0,0.06282628984237727,13.414683426421771,0.010991145833333334
tun,clahe_t16_c001,CLAHE 16x16 clip=0.01,clahe,16,0.01,1442.1693999999832,72.7853609720866,72.21751035985027,7.240351785875166,253.0,0.031605095524433136,19.54853538374474,0.0985730489095052
page,clahe_t16_c001,CLAHE 16x16 clip=0.01,clahe,16,0.01,2119.136200000014,166.88965389784946,57.81129590854055,7.560653179027137,247.0,0.051518346508599766,27.10706346644217,0.09534610215053764
seat,clahe_t16_c001,CLAHE 16x16 clip=0.01,clahe,16,0.01,2593.5998999999865,99.04160104166667,67.63458157305081,7.795082271670768,247.0,0.21321341503455743,47.70003898104116,0.022244270833333333
pillar,clahe_t16_c001,CLAHE 16x16 clip=0.01,clahe,16,0.01,3292.2038000000102,108.86921666666667,78.96093630641919,7.484163615784443,242.0,0.0493249255780063,24.600530162243,0.036395833333333336
markers,clahe_t16_c001,CLAHE 16x16 clip=0.01,clahe,16,0.01,3145.4426999999896,103.30590416666666,56.46832165706552,7.578958306315747,232.0,0.0917801674175398,28.700426921821254,0.025297395833333333
cardboard,clahe_t16_c001,CLAHE 16x16 clip=0.01,clahe,16,0.01,3140.3724000000184,142.6632140625,63.48911429596785,7.77454381076924,241.0,0.03225364725625397,15.968094549758147,0.018894791666666667
carpet,clahe_t16_c001,CLAHE 16x16 clip=0.01,clahe,16,0.01,3656.390600000009,112.64132708333334,67.92510354234912,7.58810683420819,243.0,0.03979477070271387,20.48423987621223,0.07449427083333333
writing,clahe_t16_c001,CLAHE 16x16 clip=0.01,clahe,16,0.01,3150.369699999999,121.4053984375,66.14041630723511,7.675156068953585,237.0,0.0017431250359373402,2.293618797182035,0.012133854166666666
tun,clahe_t16_c003,CLAHE 16x16 clip=0.03,clahe,16,0.03,1166.8788000000063,99.69048436482747,70.85878452778753,7.76469045604251,249.0,0.08952080771408133,36.41525453379851,0.041950225830078125
page,clahe_t16_c003,CLAHE 16x16 clip=0.03,clahe,16,0.03,2312.988300000001,143.835688844086,61.81832784123149,7.877133367951283,247.0,0.16747335670696917,53.69662501370838,0.028084005376344087
seat,clahe_t16_c003,CLAHE 16x16 clip=0.03,clahe,16,0.03,2628.9150000000063,105.55097916666666,72.2865174732898,7.883786466951315,246.0,0.40604004281778466,74.71494782534775,0.023983333333333332
pillar,clahe_t16_c003,CLAHE 16x16 clip=0.03,clahe,16,0.03,3144.9638999999934,94.6974265625,63.820409947581965,7.5837998794404875,235.0,0.3021519574333093,52.50317158275612,0.008007291666666666
markers,clahe_t16_c003,CLAHE 16x16 clip=0.03,clahe,16,0.03,2336.064399999998,117.047425,63.06918277140355,7.875100999896491,246.0,0.3401198490203482,63.36086517576181,0.022343229166666666
cardboard,clahe_t16_c003,CLAHE 16x16 clip=0.03,clahe,16,0.03,2970.2403000000004,153.86776458333333,62.83353865110239,7.820805657088355,242.0,0.0858557206717029,30.98118104312303,0.030686458333333333
carpet,clahe_t16_c003,CLAHE 16x16 clip=0.03,clahe,16,0.03,2705.841000000021,116.63877447916667,60.11013371285464,7.702162128714623,235.0,0.20644572770799086,45.939540095136216,0.04006041666666667
writing,clahe_t16_c003,CLAHE 16x16 clip=0.03,clahe,16,0.03,2534.1185999999993,136.36136979166668,65.87544106745702,7.748887202696775,238.0,0.004756988424064977,5.884307621281926,0.010721354166666667
tun,clahe_t32_c001,CLAHE 32x32 clip=0.01,clahe,32,0.01,405.76129999999466,76.82667922973633,69.76542114376026,7.451784966508603,250.0,0.04381807003756955,23.098366725735485,0.055347442626953125
page,clahe_t32_c001,CLAHE 32x32 clip=0.01,clahe,32,0.01,818.9944000000082,147.995623655914,52.854932943792235,7.675828162845326,244.0,0.07786629178970142,31.551222203031067,0.02038172043010753
seat,clahe_t32_c001,CLAHE 32x32 clip=0.01,clahe,32,0.01,838.7309999999957,94.94026302083333,67.83245241596497,7.764314076435452,243.0,0.3076338142960972,57.666471562248304,0.013073958333333333
pillar,clahe_t32_c001,CLAHE 32x32 clip=0.01,clahe,32,0.01,1050.5212999999856,92.52376458333333,62.37796894098839,7.493140862592417,218.0,0.12286212525048067,30.97019948535022,0.0010604166666666668
markers,clahe_t32_c001,CLAHE 32x32 clip=0.01,clahe,32,0.01,1050.707100000011,95.26028489583334,52.64649337604389,7.527598019660459,235.0,0.14513237394439693,33.74643168300447,0.015183854166666667
cardboard,clahe_t32_c001,CLAHE 32x32 clip=0.01,clahe,32,0.01,1382.1393000000057,132.89274791666668,57.189018505440536,7.706300375461066,221.0,0.04045671895637773,17.22008174927313,0.003553125
carpet,clahe_t32_c001,CLAHE 32x32 clip=0.01,clahe,32,0.01,1443.139599999995,98.9924203125,58.38757013435455,7.553576855401271,241.0,0.0721472396256923,24.599870606710066,0.038971875
writing,clahe_t32_c001,CLAHE 32x32 clip=0.01,clahe,32,0.01,1185.1058999999964,123.7393171875,63.83377245980714,7.657038102185906,225.0,0.0019245308654913485,2.6649066878821546,0.0052697916666666665
tun,clahe_t32_c003,CLAHE 32x32 clip=0.03,clahe,32,0.03,536.6571999999792,104.20863215128581,70.91708412462728,7.839460768325239,248.0,0.08088599018679314,34.91762662287252,0.03598785400390625
page,clahe_t32_c003,CLAHE 32x32 clip=0.03,clahe,32,0.03,1199.060299999985,136.147875,64.13207849317955,7.927836208405408,247.0,0.18056052181636167,55.863848640661026,0.026319220430107527
seat,clahe_t32_c003,CLAHE 32x32 clip=0.03,clahe,32,0.03,893.9513000000261,106.61481302083334,72.79601400096423,7.891180674537278,246.0,0.403121812595355,74.86430087400221,0.026704166666666668
pillar,clahe_t32_c003,CLAHE 32x32 clip=0.03,clahe,32,0.03,1080.5906999999877,94.48499791666667,64.31846193567466,7.586197018206225,239.0,0.3051279280780575,53.316518035724734,0.012602083333333333
markers,clahe_t32_c003,CLAHE 32x32 clip=0.03,clahe,32,0.03,1111.5942000000132,119.22570052083333,66.51913909579503,7.940379361918936,248.0,0.32631541623905286,64.74114439597895,0.028370833333333335
cardboard,clahe_t32_c003,CLAHE 32x32 clip=0.03,clahe,32,0.03,1318.9090999999848,133.74476510416667,56.618266187560415,7.772337733330463,232.0,0.11078500813141814,31.640147141636877,0.007876041666666667
carpet,clahe_t32_c003,CLAHE 32x32 clip=0.03,clahe,32,0.03,1027.8688999999872,113.78737135416667,61.53438638101576,7.757399979250298,236.0,0.20305274805731663,46.40159010675995,0.033278645833333335
writing,clahe_t32_c003,CLAHE 32x32 clip=0.03,clahe,32,0.03,1131.561300000044,125.06853333333333,54.2199569371422,7.585876469815519,203.0,0.0074609360116945035,5.8936197258739575,0.00045
tun,clahe_t64_c001,CLAHE 64x64 clip=0.01,clahe,64,0.01,308.5859000000255,77.9551264444987,69.90081079666973,7.490845115485346,250.0,0.04112135246847962,22.517987230764803,0.046839396158854164
page,clahe_t64_c001,CLAHE 64x64 clip=0.01,clahe,64,0.01,953.370399999983,144.16005376344086,52.27196753310569,7.666367617284419,242.0,0.07913935932498961,31.140941857598797,0.01704032258064516
seat,clahe_t64_c001,CLAHE 64x64 clip=0.01,clahe,64,0.01,1195.3730000000178,93.42406666666666,67.40551038277377,7.752376441968139,239.0,0.319490625704733,58.13272063825371,0.010748958333333333
pillar,clahe_t64_c001,CLAHE 64x64 clip=0.01,clahe,64,0.01,684.1747000000282,90.6519328125,61.11262955740399,7.473452780901983,216.0,0.12729874278338915,30.80200187297804,0.000859375
markers,clahe_t64_c001,CLAHE 64x64 clip=0.01,clahe,64,0.01,656.6687999999772,94.37350572916667,52.42777103063902,7.528154180066975,235.0,0.14388361421444953,33.32553959856369,0.013380729166666668
cardboard,clahe_t64_c001,CLAHE 64x64 clip=0.01,clahe,64,0.01,633.061400000031,128.26529583333334,54.660110506847815,7.616470244913181,213.0,0.04275958139508429,16.890411663777982,0.003415625
carpet,clahe_t64_c001,CLAHE 64x64 clip=0.01,clahe,64,0.01,738.2073999999648,97.887190625,58.09939739076395,7.571180640528432,240.0,0.0711969459036109,24.288655644181183,0.03310885416666667
writing,clahe_t64_c001,CLAHE 64x64 clip=0.01,clahe,64,0.01,915.6656999999768,120.01148645833334,59.63580359267918,7.591149850379665,213.0,0.002023329135506764,2.5755477145592827,0.004175
tun,clahe_t64_c003,CLAHE 64x64 clip=0.03,clahe,64,0.03,327.4529000000257,106.72944768269856,70.34794123888052,7.853408796274678,248.0,0.0693724402947961,31.980534496032437,0.031742095947265625
page,clahe_t64_c003,CLAHE 64x64 clip=0.03,clahe,64,0.03,657.1059000000332,132.39886290322582,64.18832097440672,7.925436927215286,246.0,0.17432806401958165,54.3334929055005,0.024426747311827958
seat,clahe_t64_c003,CLAHE 64x64 clip=0.03,clahe,64,0.03,845.453300000031,107.99455208333333,72.18050982394907,7.902679949866217,246.0,0.39284357080910914,72.84398132398408,0.0230421875
pillar,clahe_t64_c003,CLAHE 64x64 clip=0.03,clahe,64,0.03,1345.5625999999938,95.90740885416666,63.26555048715069,7.636901948688738,238.0,0.2777179006438658,50.37040930921333,0.0119765625
markers,clahe_t64_c003,CLAHE 64x64 clip=0.03,clahe,64,0.03,835.583999999983,119.6931296875,67.13546698255307,7.948699661841219,249.0,0.3105829459427134,63.455770326384965,0.029832291666666667
cardboard,clahe_t64_c003,CLAHE 64x64 clip=0.03,clahe,64,0.03,834.6404999999777,129.75622916666666,56.74836246489834,7.7650178211482395,232.0,0.10536600258980157,30.42927632732739,0.0073416666666666665
carpet,clahe_t64_c003,CLAHE 64x64 clip=0.03,clahe,64,0.03,773.0826999999749,115.12710416666667,61.346843709130475,7.771820473214001,237.0,0.18274183080217102,43.45370771796921,0.026165104166666668
writing,clahe_t64_c003,CLAHE 64x64 clip=0.03,clahe,64,0.03,1153.494099999989,122.32551510416667,49.264492176375114,7.50637214294408,194.0,0.008371588957331262,5.458509820586778,0.000371875
tun,clahe_t16_c001_boosted,CLAHE 16x16 clip=0.01 + High Boost,boosted_local,16,0.01,969.0231000000153,72.22274653116862,75.54434795815872,7.161782035256795,255.0,0.069844426849693,28.274988601918277,0.1470947265625
page,clahe_t16_c001_boosted,CLAHE 16x16 clip=0.01 + High Boost,boosted_local,16,0.01,1663.6454000000072,166.36736088709677,63.88921286972506,7.3242143399093,255.0,0.09408571614717154,37.252307423990096,0.1581364247311828
seat,clahe_t16_c001_boosted,CLAHE 16x16 clip=0.01 + High Boost,boosted_local,16,0.01,2069.886600000018,97.73264166666667,78.7064152718078,7.622700371823964,255.0,0.3576092045431072,71.21331069759944,0.11119583333333333
pillar,clahe_t16_c001_boosted,CLAHE 16x16 clip=0.01 + High Boost,boosted_local,16,0.01,2158.8341000000355,107.46515833333333,82.00550577689847,7.381292671898965,244.0,0.10787733820243026,36.76757117837165,0.0757453125
markers,clahe_t16_c001_boosted,CLAHE 16x16 clip=0.01 + High Boost,boosted_local,16,0.01,2270.1519000000303,102.67250208333333,62.04724332707764,7.671667145112018,246.0,0.19165670837671195,44.41084602143597,0.042759375
cardboard,clahe_t16_c001_boosted,CLAHE 16x16 clip=0.01 + High Boost,boosted_local,16,0.01,2718.799900000022,142.02139739583333,66.78471333606677,7.714089348150554,255.0,0.060563743480367666,22.41860028196578,0.06345104166666667
carpet,clahe_t16_c001_boosted,CLAHE 16x16 clip=0.01 + High Boost,boosted_local,16,0.01,1764.8098999999888,111.5205203125,70.21601430110829,7.508476089534774,245.0,0.08684845690640589,30.91238265306502,0.09148489583333333
writing,clahe_t16_c001_boosted,CLAHE 16x16 clip=0.01 + High Boost,boosted_local,16,0.01,2513.604100000009,120.87221354166667,66.37607807345003,7.687585914137829,240.0,0.003401607051672927,3.365450066627544,0.015972916666666667
